lid,lat,lon,winds,windg,windd,validtime
NPOL1,90.00,00.00,9999,9999,9999,00/00/0000 00:00:00
PIRW2,37.526388888889,-80.999166666667,1,9999,332,2018-06-29 02:17:00
NCVN7,35.816666666667,-81.937222222222,4,9999,299,2018-06-29 02:16:00
CGLN7,36.385555555556,-79.291944444444,0,9999,195,2018-06-29 02:16:00
C3454,34.214166666667,-84.279722222222,0,0,158,2018-06-29 01:20:10
AR704,33.51,-82.12,2,3,208,2018-06-29 01:20:07
SGMNT,35.16,-85.36,0,9999,75,2018-06-29 01:20:00
E7049,35.855,-84.493,0,-22367,360,2018-06-29 01:29:55
KAHN,33.95,-83.3166666666667,3,-22367,-9999,2018-06-29 01:20:00
MORGN,34.7,-84.23,0,9999,162,2018-06-29 01:20:00
CHGPS,35.06,-85.3,0,9999,329,2018-06-29 01:20:00
FCRT1,36.625555555556,-87.536944444444,11,9999,321,2018-06-29 02:15:00
FRTVL,32.54,-83.9,1,9999,114,2018-06-29 01:20:00
C4870,35.5,-84.38,9999,-22367,-9999,2018-06-29 01:20:12
CHTTN,35.08,-85.26,4,9999,317,2018-06-29 01:24:00
SBDCE,35.94,-85.33,0,9999,269,2018-06-29 01:24:00
STNMN,33.81,-84.14,19,9999,324,2018-06-29 01:24:00
SPART,35.88,-85.47,0,9999,214,2018-06-29 01:24:00
HRTWL,34.34,-82.92,4,9999,313,2018-06-29 01:24:00
MRRYV,34.51,-83.85,0,9999,259,2018-06-29 01:24:00
LOKMT,34.98,-85.36,2,9999,62,2018-06-29 01:24:00
F2355,35.102,-85.286,0,1,243,2018-06-29 01:23:30
AS054,34.083055555556,-83.666944444444,1,3,276,2018-06-29 01:23:30
AU825,35.182,-85.315,0,0,178,2018-06-29 01:23:13
E5703,34.99,-85.727,0,0,167,2018-06-29 01:22:47
D1057,35.124,-85.366,0,0,100,2018-06-29 01:27:39
C0041,31.24,-81.5,0,4,188,2018-06-29 01:22:07
C3112,33.8,-84.3,0,0,306,2018-06-29 01:32:04
AR980,33.95,-84.42,0,0,272,2018-06-29 01:22:00
AR333,35.92,-85.07,0,0,14,2018-06-29 01:21:59
E9403,35.638,-83.928,0,0,189,2018-06-29 01:26:40
AS642,33.94767,-84.844,0,0,45,2018-06-29 01:21:14
C1285,33.65,-83.75,0,0,247,2018-06-29 01:26:14
D1121,35.09,-84.04,0,0,251,2018-06-29 01:21:10
D6386,35.865,-84.664,0,0,2,2018-06-29 01:25:42
C0212,35.2,-84.798,0,0,144,2018-06-29 01:20:22
AR426,34.56,-84.29,0,0,186,2018-06-29 01:20:06
CUWN7,35.316666666667,-83.2,1,9999,171,2018-06-29 02:10:00
MTIN7,35.378888888889,-80.9925,2,9999,325,2018-06-29 02:10:00
FBGG1,32.396666666667,-84.87,3,9999,284,2018-06-29 02:10:00
GUIN7,35.213333333333,-82.59,2,9999,43,2018-06-29 02:10:00
RVZN7,36.2275,-81.2975,4,9999,329,2018-06-29 02:10:00
AT326,35.764,-83.758,0,0,107,2018-06-29 01:24:59
AS318,35.114,-85.789,0,0,267,2018-06-29 01:26:49
C5013,35,-85.12,0,0,127,2018-06-29 01:34:28
KOMK2,37.7825,-83.63,0,0,296,2018-06-29 02:09:00
BSAK2,37.75,-82.6333333333333,0,0,295,2018-06-29 02:09:00
E3897,35.8,-84.59,0,0,290,2018-06-29 01:23:48
AU405,35.294,-85.053,0,0,299,2018-06-29 01:23:16
AV056,35.757,-83.948,0,0,301,2018-06-29 01:28:10
MAHN7,35.803055555556,-82.650277777778,0,0,293,2018-06-29 02:08:00
C2647,32.55,-84.1,0,-22367,305,2018-06-29 01:22:46
E5259,35.043,-85.2525,0,0,79,2018-06-29 01:22:42
D3435,36.113,-84.212,0,0,217,2018-06-29 01:22:35
C9567,35.12,-85.331,0,0,276,2018-06-29 01:27:24
SHOT1,35.155,-88.321666666667,2,0,297,2018-06-29 02:07:00
CGVV2,37.522222222222,-80.079722222222,0,0,294,2018-06-29 02:07:00
CMDT1,36.066111111111,-88.168611111111,5,0,200,2018-06-29 02:07:00
C0699,33.39,-84.74,0,0,338,2018-06-29 01:21:27
E5819,35.42,-84.48,0,0,236,2018-06-29 01:33:32
AS188,35.13,-85.2,0,0,326,2018-06-29 01:25:37
AU837,35.04,-84.22,0,1,181,2018-06-29 01:24:08
BRSG1,34.802777777778,-83.71,3,0,290,2018-06-29 02:06:00
LFFT1,36.541111111111,-86.002777777778,0,0,295,2018-06-29 02:06:00
ONFG1,33.208333333333,-83.713611111111,1,0,293,2018-06-29 02:06:00
PCFT1,35.13,-85.43,0,0,291,2018-06-29 02:06:00
LSBT1,35.381666666667,-86.765833333333,0,0,293,2018-06-29 02:06:00
WLHS1,34.811666666667,-83.125,2,0,295,2018-06-29 02:06:00
CHGG1,34.640277777778,-83.521944444444,3,0,335,2018-06-29 02:06:00
TULG1,34.905833333333,-83.334444444444,0,0,294,2018-06-29 02:06:00
MGST1,35.5208,-84.7931,0,0,294,2018-06-29 02:06:00
BURT1,36.065,-87.283055555556,0,0,295,2018-06-29 02:06:00
C7619,33.79452,-84.99432,2,5,324,2018-06-29 01:25:20
LCLT1,35.84,-84.3308,0,0,294,2018-06-29 02:05:00
COHG1,34.9225,-84.659444444444,1,0,80,2018-06-29 02:05:00
NAOG1,34.695277777778,-85.173611111111,1,0,353,2018-06-29 02:05:00
CPMG1,34.63,-84.0975,2,0,93,2018-06-29 02:05:00
BYRG1,32.168055555556,-83.974722222222,3,0,107,2018-06-29 02:05:00
UNIT1,36.2013,-82.3722,0,0,292,2018-06-29 02:05:00
HGLN7,35.086111111111,-83.2175,0,0,290,2018-06-29 02:05:00
GDCN7,35.756388888889,-82.043888888889,0,0,294,2018-06-29 02:05:00
CHON7,35.333333333333,-83.816666666667,0,0,293,2018-06-29 02:05:00
BLDT1,35.681944444444,-85.273333333333,0,0,292,2018-06-29 02:05:00
HCOT1,36.2572,-83.2772,0,0,295,2018-06-29 02:05:00
CSFT1,36.368888888889,-83.898611111111,0,0,294,2018-06-29 02:05:00
BSKN7,35.752777777778,-82.183333333333,0,0,290,2018-06-29 02:05:00
BOCT1,35.1558,-84.5947,0,0,293,2018-06-29 02:05:00
TCCG1,34.765,-84.0744444444444,0,0,292,2018-06-29 02:05:00
TOPN7,35.166666666667,-83.403055555556,0,0,292,2018-06-29 02:05:00
TSQN7,35.0747,-84.1267,0,0,292,2018-06-29 02:05:00
AR243,30.78,-84.87,0,1,306,2018-06-29 01:34:27
DARN7,35.350555555556,-82.778611111111,0,0,291,2018-06-29 02:04:00
MDWG1,31.78,-81.44,1,0,250,2018-06-29 02:04:00
TAYN7,35.911666666667,-81.136666666667,2,0,298,2018-06-29 02:04:00
STRG1,31.26,-81.61,0,0,294,2018-06-29 02:04:00
OKEG1,31.11,-82.26,0,0,297,2018-06-29 02:04:00
CMLG1,31.21,-84.24,0,0,296,2018-06-29 02:04:00
BXYG1,31.7136111111111,-82.3877777777778,0,0,297,2018-06-29 02:04:00
AELG1,31.11,-83.43,0,0,297,2018-06-29 02:04:00
WHIS1,34.616666666667,-81.583333333333,0,0,297,2018-06-29 02:03:00
BOLG1,33.009722222222,-83.716388888889,0,0,294,2018-06-29 02:03:00
MRAG1,32.096388888889,-82.884166666667,0,0,169,2018-06-29 02:03:00
HRDG1,33.010277777778,-83.207222222222,2,0,294,2018-06-29 02:03:00
LOUG1,32.975,-82.352777777778,0,0,295,2018-06-29 02:03:00
PLAG1,32.110555555556,-84.184166666667,5,0,138,2018-06-29 02:03:00
MTFG1,32.3911111111111,-82.0372222222222,0,0,295,2018-06-29 02:03:00
E5643,35.162,-85.178,0,0,236,2018-06-29 01:32:47
WSNG1,33.7805555555556,-82.8161111111111,0,0,269,2018-06-29 02:02:00
AFRG1,33.896666666667,-83.365555555556,0,0,340,2018-06-29 02:02:00
TRMK2,38.175,-83.4083333333333,0,0,297,2018-06-29 02:02:00
NNAG1,33.365277777778,-84.859444444444,0,0,273,2018-06-29 02:02:00
DLSG1,33.942777777778,-84.791944444444,3,0,311,2018-06-29 02:02:00
DSVG1,34.3763888888889,-84.06,0,0,356,2018-06-29 02:02:00
EJAG1,34.758888888889,-84.766388888889,0,0,293,2018-06-29 02:02:00
C2074,33.87117,-83.113,0,0,232,2018-06-29 01:28:34
LKRV2,37.986388888889,-79.759444444444,0,0,294,2018-06-29 02:01:00
SOMK2,37.055555555556,-84.615,0,0,298,2018-06-29 02:01:00
JONG1,34.55,-84.25,0,0,296,2018-06-29 02:01:00
D7491,35.242,-84.798,0,0,192,2018-06-29 01:20:12
CBUG1,32.472777777778,-84.996666666667,2,9999,201,2018-06-29 01:30:00
AHCG1,33.788333333333,-83.393333333333,1,9999,9999,2018-06-29 02:00:00
SKYN7,35.495,-82.615,0,9999,9999,2018-06-29 02:00:00
WETG1,32.918333333333,-85.188333333333,2,9999,293,2018-06-29 02:00:00
FLTN7,35.418611111111,-82.556666666667,2,9999,9999,2018-06-29 02:00:00
HDCG1,34.700833333333,-83.729444444444,3,9999,151,2018-06-29 02:00:00
PGVT1,35.981944444444,-82.843333333333,0,0,25,2018-06-29 01:59:00
BSFT1,36.475,-84.654166666667,0,0,295,2018-06-29 01:59:00
SFRV2,37.0111111111111,-81.1786111111111,0,0,293,2018-06-29 01:58:00
CHKN7,35.619722222222,-83.206944444444,0,0,291,2018-06-29 01:57:00
RUTN7,35.428611111111,-81.939444444444,0,0,297,2018-06-29 01:46:00
POPN7,36.073611111111,-82.206111111111,1,0,176,2018-06-29 01:45:00
CHDS1,33.6630555555556,-82.1897222222222,2,9999,196,2018-06-29 01:20:00
TOSN7,35.536111111111,-83.285,0,0,292,2018-06-29 01:32:00
COWN7,35.479444444444,-83.327222222222,0,0,293,2018-06-29 01:32:00
LRWA1,34.4977777777778,-85.6291666666667,0,0,292,2018-06-29 01:32:00
IGGT1,35.6236,-83.8083,1,0,293,2018-06-29 01:31:00
KNGS1,35.145555555556,-81.402222222222,0,0,297,2018-06-29 01:31:00
STCN7,36.07,-81.799166666667,0,0,181,2018-06-29 01:28:00
BHFA1,34.344166666667,-87.3375,0,0,294,2018-06-29 01:27:00
YELK2,36.6036111111111,-83.6961111111111,0,0,297,2018-06-29 01:26:00
SVNS1,32.1,-81.08,5,0,298,2018-06-29 01:23:00
MERT1,35.504166666667,-87.457777777778,0,0,294,2018-06-29 01:22:00
